id,name,sigla,archivio,descrizione,georeferenced,cartiglio,anno,json
1,Pianta del corso del fiume Panaro (Gianfrancesco Zannini),VG_3,Archivio di Vignola,"China e acquerelli policromi; con legenda esplicativa e rosa dei venti; nordest in alto. Con autentica notarile di Pistoni Antonio del fu Francesco Ludovico (1765 mar. 23); sul retro n. 34; sulla costruzione delle opere di difesa dall’erosione e dalle inondazioni del Panaro, nonché sulle diverse perizie effettuate da Zannini, cfr. ASCVg, epoca del governo estense, b. 9.

Autore: Zannini Gianfrancesco (ingegnere e geometra eletto per parte della Camera marchionale di Vignola e della Comunità)

Dimensioni: mm 555x835

Scala: Scala di pertiche di Modona 120 sono bracia 720 (= mm 182).

N. restauro: 80",TRUE,"Pianta del corso del fiume Panaro nelle vicinanze della terra di Vignola, nella quale resta dissegnato l'andamento del tufo, ed il nuovo muralione a questo unito, e tutti li riglievi fatti in occasione dell'accesso formale, sopra luogo, dall’illustrissimo Supremo Consiglio di Giustizia seguito sotto li giorni 6, 7, &. del mese di decembre 1764, rilevata da me sotto scritto [Gianfrancesco Zannini] nel mese di gennajo 1765.",1765,
2,Terre livellarie e berlete di Zenzano (Matteo Barani),VG_5,Archivio di Vignola,"China, matita e acquerelli policromi; con due legende esplicative – una, datata, che fa riferimento ai particolari topografici (1816 gen. 16), l’altra ai livellari della comunità – e freccia di orientamento; sudest in alto. Sul retro: “Tipo delle terre livellarie, poste in Zinzano, del comune di Vignola, perito Matteo Barani 1816. Comune di Vignola / Unita al n. 21 protocollo generale dell’anno 1816 / Unita al n. 407 dell’anno 1820 / Unito al n. 45<..?> dell’anno 182<..?>”.

Autore: Barani Matteo (pubblico perito)

Dimensioni: mm 420x610

Scala: Scala di pertiche 100 modenesi (= mm 85).

N. inventario mappe: 7

N. restauro: 5",TRUE,"Tipo che le terre in Zenzano i di cui possidenti pagano un’annua prestazione alla comunità di Vignola in regola di bolognini tre per biolca, e che dimostra pure le berlete di proprietà della comunità stessa.",1816,
3,Ripartizione delle berlete sul Panaro tra i muri Battistricco e Gatta (Francesco Leoni),VG_13,Archivio di Vignola,"China e acquerelli policromi; con legenda esplicativa indicante la qualità dei terreni, i confini delle berlete e i mutamenti apportati dall'erosione e dalle alluvioni del fiume; con rosa dei venti e declinazione dell’ago magnetico; est in alto. Mappa datata in calce (1830 apr. 18); sommarione mancante; sul retro: “Icnografia dimostrante le berlete della comunità di Vignola. Ingegner Francesco Leoni 1830. Consorzio Basse / Unita al n. 658 di protocollo generale 1830”.

Autore: Leoni Francesco (ingegnere)

Dimensioni: mm 630x795

Scala: Scala di modonesi pertiche n.° 60 al vero 1/1080 cioè 1. Oncia di pianta sono pertiche 15 del vero (= mm 200).

N. inventario mappe: 29

N. restauro: 9",TRUE,"Iconografia dimostrante la ripartizione delle berlete di diretto dominio dell'illustrissima Comunità di Vignola poste nel fiume Panaro fra li muri Battistricco, e Gatta in Vignola stessa. Operazione eseguita dall'ingegner Francesco Leoni nell'aprile 1830.",1830,
4,Sistemazione della strada di Campiglio tra Castelnovo e Castelvetro (Emilio Lolli),VG_24,Archivio di Vignola,"China nera e rossa; con legenda esplicativa dei diversi progetti e nota con la quale si specifica lo stato di avanzamento dei lavori nel 1867; nord in alto. Sul retro: “Sistemazione della strada di Campiglio”.

Autore: Lolli Emilio (ingegnere)

Dimensioni: mm 310x985

Scala: Scala di 1/2000 (= mm 129).

N. restauro: 18",TRUE,"Progetti di sistemazione della strada in Campilio, comune di Vignola, che dalla via maestra di Castelnovo conduce all’altra via di Castelvetro passando per i luoghi denominati Bettolino di Pramavore – Polesine – Campolungo – e Due Ponti.",1864,
5,"Terzo tratto del canale di San Pietro, dal Guerro al Grizzaga (Giuseppe Pellicciari)",VG_26,Archivio di Vignola,"China e acquerelli policromi. Trattasi di copia tratta dalla matrice Baldini e Paraluppi, facente parte di una serie di quattro carte, di cui la prima risulta irreperibile; cfr. mappe n. 25 e 27. [*] Mappa attualmente conservata nell'armadio a rete n. 2

Autore: s.a. [Pellicciari Giuseppe]

Dimensioni: mm 470x1500

Scala: Scala metrica nel rapporto di 1 a 4000.

N. restauro: 23",TRUE,Terzo tratto del canale denominato di San Pietro dal torrente Guerro al fiume Grizzaga.,s.d. [1864],
6,"Secondo tratto del canale di San Pietro, da Spilamberto al Guerro (Giuseppe Pellicciari)",VG_25,Archivio di Vignola,"China e acquerelli policromi; sud in alto. Trattasi di copia tratta dalla matrice Baldini e Paraluppi del 1856, 1857 e 59, ridotta però nel rapporto di 1 a 4000, effettuata dall’ing. Pellicciari (1864 mag. 31, Modena) e facente parte di una serie di quattro carte, di cui la prima risulta irreperibile; cfr. mappe n. 26 e 27. [*] Mappa attualmente conservata nell'armadio a rete n. 2

Autore: Pellicciari Giuseppe (ingegnere)

Dimensioni: mm 535x1500

Scala: Scala metrica nel rapporto di 1 a 4000.

N. restauro: 29",TRUE,Pianta del 2° tratto del canale detto di San Pietro partendo da Spilamberto sino al torrente Guerro.,1864,
7,"Quarto tratto del canale di San Pietro, dal Grizzaga a Modena (Giuseppe Pellicciari)",VG_27,Archivio di Vignola,"China e acquerelli policromi. Trattasi di copia tratta dalla matrice Baldini e Paraluppi, facente parte di una serie di quattro carte, di cui la prima risulta irreperibile; cfr. mappe n. 25 e 26. [*] Mappa attualmente conservata nell'armadio a rete n. 2

Autore: s.a. [Pellicciari Giuseppe]

Dimensioni: mm 475x1180

Scala: Scala metrica nel rapporto di 1 a 4000.

N. restauro: 34",TRUE,Quarto ed ultimo tratto del canale denominato di San Pietro dal fiume Grizzaga a Modena.,s.d. [1864],
8,Nuova rampa d’accesso al guado del Panaro a Vignola (Gaetano Raisini),VG_29,Archivio di Vignola,"China nera, vermiglia e seppia e matita. Sulla carta è presente la seguente annotazione: “Modena 19 novembre 1867. Redatto dall’ingegnere aggiunto firmato ing. Raisini / Modena 4 febbrajo 1868. Visto e presentato dall’ingegnere dirigente l’Ufficio tecnico provinciale firmato ing. Masi / Per copia conforme Bosi ing. Pietro”.

Autore: Raisini Gaetano (ingegnere)

Dimensioni: mm 380x780

Scala: Scala 1:400.

N. restauro: 69",TRUE,Tipo indicante l’andamento della nuova rampa d’accesso al guado di Panaro a Vignola.,1868,
9,Vignola e dintorni (Pietro Muzzioli),VG_54,Archivio di Vignola,"China, matita e acquerelli policromi; con legenda esplicativa. Trattasi di mappa incorniciata raffigurante l’incasato di Vignola con interessanti informazioni sulla toponomastica e la storia del centro cittadino; appesa nell’ufficio tecnico del comune fino al marzo 1999. [*] Mappa attualmente conservata nell'armadio a rete n. 2

Autore: Muzzioli Pietro (ragioniere)

Dimensioni: mm 450x475 (esclusa cornice)

Scala: Scala di 1/2000.",TRUE,Vignola e dintorni.,1894,
10,Mappa catastale del territorio di Vignola,VG_57,Archivio di Vignola,"China, matita e acquerelli policromi; con freccia di orientamento e quadrettatura a matita sovrapposta; est in alto; lettere e numeri riferibili a partite catastali. Trattasi di carta del territorio comunale di Vignola di qua e al di là del Panaro, presumibilmente ottocentesca, nella quale sono raffigurati la rete viaria e l’idrografia delle campagne (incluso il percorso dei canali e dei corsi d’acqua minori), le opere di difesa dall’erosione fluviale erette sotto il tufo, l’area boschiva di Verdeta ed i confini comunali; sommarione mancante; sul retro: “Mappe del territorio di Vignola”.

Autore: s.a.

Dimensioni: mm 585x1180

Scala: Indicazione di scala incompleta.

N. restauro: 70",TRUE,[Mappa catastale del territorio di Vignola].,s.d. [sec. XIX],
11,Icnografia di Vignola e del suo circondario (Francesco Leoni),VG_68,Archivio di Vignola,"China e acquerelli policromi; con rosa dei venti e declinazione dell’ago magnetico in Vignola; nordovest in alto. Mappa non terminata con due riquadri rimasti in bianco, uno presumibilmente per la legenda e l'altro con tracce di sottile tratto a matita raffigurante il prospetto di un edificio, databile alla prima metà del XIX secolo, epoca in cui si adottarono talune soluzioni relative all’ampliamento della strada esterna alle mura di Vignola (cfr. mappe n. 6 e 11; cfr. anche A. Neri, Il ponte di Vignola in pace e in guerra, Vignola 1984, mappa riprodotta a p. 33); presenta tuttavia aggiunte e modifiche di epoca successiva, ascrivibili alla fine dell’Ottocento, particolarmente evidenti per quanto concerne i ritocchi agli stabili rustici trasformati in Villa Braglia, il convento dei cappuccini ed alcuni edifici addossati esternamente alla fossa che circondava le mura cittadine (tutti in acquerello rosa più scuro).

Autore: s.a. [Leoni Francesco]

Dimensioni: mm 615x850

Scala: Indicazione di scala incompleta.

N. restauro: 67",TRUE,"Icnografia di una parte di Vignola e suo circondario, borghi, cimitero, convento dei RR. PP. Cappuccini, casino e stabile dell'eccellentissimo sisgnor [sic] dottor Giovanni Battista Bellucci.","s.d. [sec. XIX, prima metà]",
12,Piano regolatore dell’ampliamento di Vignola (Gaetano Raisini?),VG_69,Archivio di Vignola,"China nera, vermiglia e azzurra. Trattasi di progetto relativo all’ubicazione della stazione del tram a vapore e alla sistemazione degli isolati limitrofi (mercato bovini e piazza delle erbe), al quale è sovrapposto un foglio con differente piano urbanistico; in entrambi il tracciato dei binari passa per la via Cavarola (odierna via Bellucci), ove viene posta anche la stazione; presumibilmente si tratta di uno dei tanti progetti, ascrivibile agli anni Ottanta dell’Ottocento, riguardanti la costruzione della stazione del tram della linea Vignola-Bazzano (inaugurata nel 1886), successivamente scartato, in quanto la stazione venne realizzata nei pressi della cosiddetta Mezzaluna (odierno corso Italia); sul retro: “Piano regolatore. Progetto Raisini”; cfr. mappe n. 70 e 71; cfr. anche ASCVg, epoca dell’Unità d’Italia, b. 371.

Autore: s.a. [Raisini Gaetano?]

Dimensioni: mm 525x715

N. restauro: 19",TRUE,Tipo indicante il piano regolatore dell’ampliamento di Vignola.,"s.d. [sec. XIX, seconda metà]",
13,,VG_87,Archivio di Vignola,,TRUE,,1834,
14,,VG_91,Archivio di Vignola,,TRUE,"Tipo dimostrativo d’andamento di un tratto del Torrente Guerro in Castelvetro,
fatto da me sottoscritto [per ordine / d’ordine] dell’Illustrissimo Sig.re [---] di Vignola,
all’oggetto di mostrare la direzione di un lavoro in calce che ha chiesto di costruire
il Sig.r Giuseppe Girotti, agente di S. E. il Sig.r M.se Luigi [---],
in difesa dell’effetto detto la Chierichina.

Questi sono i disegni della direzione da tenersi nella costruzione del chiesto lavoro;
uno proposto da me sottoscritto, l’altro proposto dal Sig.r Girotti.
Il progetto di me sottoscritto è delineato con la linea gialla Aa[a’/a”].
Ed il progetto Girotti è tracciato con la linea verde ABG.

Il lavoro deve cominciare dal punto A, cioè dalla chiavica trasversante la strada;
dal qual punto deve costruirsi il muro Aa in linea obliqua; indi dal punto a’
[deve] dirigersi a linea retta al punto a’’, sopra la qual linea il Sig.r Girotti
potrà costruire un lavoro in calce, con condizione che la facciata del muro aderente
al Guerro già costruito col suo piede resti sopra la linea [segnata] a a’’.

Cominciando il lavoro dal punto A, e costruendo un muro A in linea tortuosa o curva,
indi dal punto B dirigersi in linea retta al punto b’; su detta qual linea Bb’
intendesi costruire un muro, la cui sommità della facciata verso il torrente
corrisponderà all’indicata linea [---].

Castelvetro, 5 Novembre 1835.
Giuseppe Boni [firma / qualifica incerta]",1835,
15,,VG_101,Archivio di Vignola,,TRUE,,1758,
16,,VG_113,Archivio di Vignola,,TRUE,"Campiglio 11 Giugno 1842. —
Abbozzo della pianta del mulino della Tavernella in Campiglio:

L'attuale fabbrica componente questo mulino è composta al piano terreno degli ambienti segnati con le lettere H, I, K, L, M, N, O, P.
Nel piano superiore in corrispondenza dell'Ambiente K sonovi due ambienti: il primo che serve d'ingresso alla cucina; vi è il forno ed è [tempiato/templato];
il secondo è ad uso di stanza da letto. Sopra la cantina segnata L vi è altra stanza da letto con sopra [tassello], corrispondente all'ambiente [di]
cucina, e suo [tassello] sopra; così pure stanza da letto sopra I, con suo [tassello] sopra [tempiato]. Li ambienti N, O, P sono coperti da [tetto].

Volendosi ridurre questo vecchio mulino a catino, dovrà prolungarsi il muro A.B. finché abbia una lunghezza di braccia trenta nette, cioè fino in F.
Il muro A.F., prolungato fino in E, per avere una larghezza di braccia 18 nette, demolendo il muro F.G.; in sostituzione del quale [si costruirà altro muro],
ai quali si applicaranno li mulini a catino, formando la vasca, o battocchio in X, ed il vecchio canale servirà per lavoratoio.

Vi si costruirà un altro muro C.D. in sostituzione delle colonne del [portico/cortico]; cioè gr. [8?], e così la nuova fabbrica per i mulini verrà compresa
fra li muri A.B.C.D.E. Sopra il canale vecchio, in faccia a tutta la fabbrica, si costruirà un volto, sopra cui un portico al piano della strada,
che servirà d'ingresso al mulino stesso. Sopra questa nuova fabbrica si costruirà una loggia nel mezzo, e due camere da una parte e due dall'altra parte
di sud[a] loggia, e granari superiori a dette camere. La scala per ascendere a queste camere si costruirà [addossata/affiancata] al muro A, nata
nell'Ambiente I, della larghezza di braccia sei, a due rampe, sotto della quale si formerà l'altra scala per discendere alla cantina. [La] cantina si
costruirà sotto l'ambiente dei nuovi mulini della larghezza di b. [9?], ed il restante degli ambienti, che sono altre braccia [9], [servirà per] i catini.
Li altri ambienti attuali poi I, L, M, N, O, P si potranno ridurre ad altri ambienti, ad usi comodi.

Visto.
Giuseppe Boni [seconda parola/firma finale incerta].",1842,
17,,VG_120,Archivio di Vignola,,TRUE,,1883,
18,,VG_128,Archivio di Vignola,,TRUE,,1863,
19,,VG_130,Archivio di Vignola,,TRUE,"Violetto, colore indicante il progetto del Sig.r G.n Bellucci.
Bleu, colore indicante il progetto di questa Ill.ma Comunità.

N.B. Nel progetto Bellucci deve ridursi ed adattarsi un’estensione di B. 3:10,
e nel progetto Comunitativo un’estensione di B. 3:14, dovendosi anche ridurre
ed adattare il tronco della vecchia Strada cui si farebbe l’allargamento.",1828,
20,,VG_135,Archivio di Vignola,,TRUE,"Dimostrante il circondario del Consorzio della Concia nel Comune
di Vignola diviso in due classi di possidenti come segue.

Prima Classe.

Sig.r Lei alle terre segnate a b c d.
Sig.r Santi colla parte bassa segnata m.
Sig.r Geminiano Tacoli colle terre segnate in mappa e f.
Arcipretura di Vignola colle terre g h t s.
Sig.r Toschi col mulino segnato l.

Seconda Classe.

Sig.r Santi colla metà della parte bassa; cioè colla porzione n.
Sig.r Geminiano Tacoli colle terre, e caseggiati segnati o p.
Sig.r Bazzani per 1/4 delle terre marcate in pianta, cioè colla pezza q.
Sig.r [Selmi Antonio Schiapolina?] colli caseggiati segnati r.
Arcipretura di Vignola colle terre marcate s i.",1885,
21,,ACQ_145_A,ASMo (Archivio di Stato di Modena),,TRUE,,1845,
22,,ACQ_145_B,ASMo (Archivio di Stato di Modena),,TRUE,,1845,
23,,CANC_56_4,ASMo (Archivio di Stato di Modena),,FALSE,,,"[
  {
    ""id"": ""1"",
    ""nome"": ""Semelano"",
    ""valore"": ""1056"",
    ""note"": """",
    ""x"": 0.814994,
    ""y"": 0.424443
  },
  {
    ""id"": ""2"",
    ""nome"": ""Contea da Rosola del Marchese Rangoni"",
    ""valore"": ""Contea da Rosola del Marchese Rangoni"",
    ""note"": """",
    ""x"": 0.80587,
    ""y"": 0.482234
  },
  {
    ""id"": ""3"",
    ""nome"": ""M. Questiolo"",
    ""valore"": ""M. Questiolo"",
    ""note"": """",
    ""x"": 0.74798,
    ""y"": 0.494314
  },
  {
    ""id"": ""4"",
    ""nome"": ""C. della Ragione"",
    ""valore"": ""C. della Ragione"",
    ""note"": """",
    ""x"": 0.61419,
    ""y"": 0.465322
  },
  {
    ""id"": ""5"",
    ""nome"": ""Ucelara"",
    ""valore"": ""Ucelara"",
    ""note"": """",
    ""x"": 0.183629,
    ""y"": 0.434631
  },
  {
    ""id"": ""6"",
    ""nome"": ""Ca' di Pola"",
    ""valore"": ""1600"",
    ""note"": """",
    ""x"": 0.20699,
    ""y"": 0.35521
  },
  {
    ""id"": ""7"",
    ""nome"": ""Ca di Galantino"",
    ""valore"": ""Ca di Galantino"",
    ""note"": """",
    ""x"": 0.224714,
    ""y"": 0.33328
  },
  {
    ""id"": ""8"",
    ""nome"": ""Paradiso"",
    ""valore"": ""Paradiso"",
    ""note"": """",
    ""x"": 0.243868,
    ""y"": 0.286633
  },
  {
    ""id"": ""9"",
    ""nome"": ""Case de Masalli"",
    ""valore"": ""Case de Masalli"",
    ""note"": """",
    ""x"": 0.191175,
    ""y"": 0.375012
  },
  {
    ""id"": ""10"",
    ""nome"": ""guasto demelani"",
    ""valore"": ""guasto demelani"",
    ""note"": """",
    ""x"": 0.28152,
    ""y"": 0.33352
  },
  {
    ""id"": ""11"",
    ""nome"": ""Bragodena"",
    ""valore"": ""Bragodena"",
    ""note"": """",
    ""x"": 0.289938,
    ""y"": 0.290698
  },
  {
    ""id"": ""12"",
    ""nome"": ""Molino del Montale"",
    ""valore"": ""Molino del Montale"",
    ""note"": """",
    ""x"": 0.161499,
    ""y"": 0.253116
  },
  {
    ""id"": ""13"",
    ""nome"": ""La Trinità"",
    ""valore"": ""La Trinità"",
    ""note"": """",
    ""x"": 0.159334,
    ""y"": 0.119154
  },
  {
    ""id"": ""14"",
    ""nome"": ""La torre"",
    ""valore"": ""La torre"",
    ""note"": """",
    ""x"": 0.284098,
    ""y"": 0.167242
  },
  {
    ""id"": ""15"",
    ""nome"": ""La ca'"",
    ""valore"": ""La ca'"",
    ""note"": """",
    ""x"": 0.334891,
    ""y"": 0.187759
  },
  {
    ""id"": ""16"",
    ""nome"": ""Monte Vento"",
    ""valore"": ""1574"",
    ""note"": """",
    ""x"": 0.372863,
    ""y"": 0.18669
  },
  {
    ""id"": ""17"",
    ""nome"": ""Il casone"",
    ""valore"": ""Il casone"",
    ""note"": """",
    ""x"": 0.379274,
    ""y"": 0.133046
  },
  {
    ""id"": ""18"",
    ""nome"": ""Tresenda"",
    ""valore"": ""Tresenda"",
    ""note"": """",
    ""x"": 0.446629,
    ""y"": 0.19416
  },
  {
    ""id"": ""19"",
    ""nome"": ""Poggio de sabbatinico"",
    ""valore"": ""Poggio de sabbatinico"",
    ""note"": """",
    ""x"": 0.507408,
    ""y"": 0.193191
  },
  {
    ""id"": ""20"",
    ""nome"": ""La fontana"",
    ""valore"": ""La fontana"",
    ""note"": """",
    ""x"": 0.458111,
    ""y"": 0.239542
  },
  {
    ""id"": ""21"",
    ""nome"": ""Monte Tortore"",
    ""valore"": ""1601"",
    ""note"": """",
    ""x"": 0.400644,
    ""y"": 0.270756
  },
  {
    ""id"": ""22"",
    ""nome"": ""Vaiano"",
    ""valore"": ""1172"",
    ""note"": """",
    ""x"": 0.590182,
    ""y"": 0.197194
  },
  {
    ""id"": ""23"",
    ""nome"": ""Sbramallacollo"",
    ""valore"": ""Sbramallacollo"",
    ""note"": """",
    ""x"": 0.699056,
    ""y"": 0.296521
  },
  {
    ""id"": ""24"",
    ""nome"": ""Villa Monlone"",
    ""valore"": ""Monlone"",
    ""note"": """",
    ""x"": 0.858919,
    ""y"": 0.363487
  },
  {
    ""id"": ""25"",
    ""nome"": ""Monte Albano"",
    ""valore"": ""Monte Albano"",
    ""note"": """",
    ""x"": 0.785375,
    ""y"": 0.566865
  },
  {
    ""id"": ""26"",
    ""nome"": ""Castello di Serravalle"",
    ""valore"": ""711"",
    ""note"": """",
    ""x"": 0.396625,
    ""y"": 0.929939
  },
  {
    ""id"": ""27"",
    ""nome"": ""La caluana"",
    ""valore"": ""La caluana"",
    ""note"": """",
    ""x"": 0.140875,
    ""y"": 0.7915
  },
  {
    ""id"": ""28"",
    ""nome"": ""molino"",
    ""valore"": ""molino"",
    ""note"": """",
    ""x"": 0.176299,
    ""y"": 0.810569
  }
]"
24,,CANC_56_21,ASMo (Archivio di Stato di Modena),,FALSE,,1789,"[
  {
    ""id"": ""1"",
    ""nome"": ""Savignano sul Panaro - Savignano"",
    ""valore"": ""739"",
    ""note"": ""Nella mappa il toponimo “Savignano” è reso come un abitato arroccato, dominato da un complesso fortificato sulla sommità del rilievo: è un’immagine coerente con l’identità storica del borgo-castello di Savignano sul Panaro, impostato sul colle di Sant’Anastasio in posizione naturalmente difesa e “di controllo” sul fondovalle. Le sintesi storico-territoriali dedicate al borgo ricordano infatti una fortificazione documentata già dall’XI secolo e, più in generale, una struttura insediativa che ha mantenuto nel tempo un impianto medievale ben riconoscibile (Terre di Castelli, “Terre dei Contrari”, portale turistico istituzionale, consultato il 28/12/2025; Comune di Savignano sul Panaro, “Borgo Medievale di Savignano sul Panaro”, scheda web istituzionale, consultato il 28/12/2025; Terre di Castelli, “The medieval town of Savignano sul Panaro”, scheda web, consultato il 28/12/2025).  Sul piano del nome, “Savignano” rientra verosimilmente nella famiglia dei toponimi prediali in -anum (diffusissimi nell’Italia settentrionale), spesso connessi alla romanizzazione del territorio: in divulgazione si propone spesso una derivazione da un antroponimo latino (forma del tipo Sabinianus / Sabinus + suffisso), senza però che le fonti consultabili restituiscano una spiegazione univoca “ufficiale”. È prudente presentare quindi l’etimologia come ipotesi toponomastica tradizionale, non come dato certo (Associazione Borgo Castello ODV, “Contrada Castello”, nota storico-toponomastica in pagina web, consultato il 28/12/2025)."",
    ""x"": 0.632116,
    ""y"": 0.240611
  },
  {
    ""id"": ""2"",
    ""nome"": ""Doccia - Bocazo ala Doza"",
    ""valore"": ""1603"",
    ""note"": ""La scritta “Bocazo ala Dozza” sembra combinare due informazioni: un riferimento a Doccia/Dozza (oggi frazione “Doccia”) e l’indicazione di un’opera legata alla “bocca” dell’acqua, cioè a un punto di imbocco/presa o a un dispositivo di regolazione. La frazione Doccia è effettivamente un toponimo vivo e istituzionalmente attestato (ad esempio nella denominazione della fermata ferroviaria) e la tradizione locale ne sottolinea l’antichità documentaria; in una chiave divulgativa, è ragionevole collegare “Dozza” della mappa a una resa grafica antica/oscillante del medesimo nome (Assemblea Legislativa Regione Emilia-Romagna, Demetra, Atto ispettivo n. 7954, XI Legislatura, testo online, 2024, consultato il 28/12/2025; Associazione Borgo Castello ODV, “Contrada Doccia”, pagina web, consultato il 28/12/2025).\n\nQuanto al termine “Bocazo”, il senso più utile (e coerente con il disegno “a porta/rocca”) è quello idraulico: nella lessicografia tecnica, la “bocca” è un’apertura con cui l’acqua viene scaricata o derivata; in particolare, la “bocca di derivazione” è definita come la sezione iniziale di un canale derivato da un corso d’acqua maggiore. Nello stesso campo semantico stanno “incile” (imbocco/inizio di un canale) e “chiavica” (opera con paratoie che interrompe l’argine e regola lo scarico o impedisce il riflusso in piena). Una rappresentazione “fortificata” può quindi essere letta come simbolo di un punto presidiato e strategico, dove l’acqua veniva governata tramite opere e manufatti stabili, spesso realizzati in muratura e dotati di chiusure (Fondazione BEIC, Biblioteca Idraulica Italiana, “Bocche per la misura e la dispensa delle acque”, voce/strumento in sito web, consultato il 28/12/2025; Istituto della Enciclopedia Italiana Treccani, Vocabolario online, voci “incile” e “chiavica”, consultato il 28/12/2025).\n\nAnche il toponimo “Doccia”, in sé, conserva un significato legato ai canali: in italiano storico il termine indica un canaletto e, in ambito tecnico-letterario, un canale inclinato che convoglia acqua (anche per muovere la ruota di un mulino). Questo rende particolarmente “naturale” che l’area Doccia compaia associata a un nodo idraulico nella cartografia antica (Istituto della Enciclopedia Italiana Treccani, Vocabolario online, voce “doccia”, consultato il 28/12/2025)."",
    ""x"": 0.642764,
    ""y"": 0.41348
  },
  {
    ""id"": ""3"",
    ""nome"": ""Ponte Finoto"",
    ""valore"": ""1605"",
    ""note"": ""Il “Ponte Finotto” della mappa è uno dei due attraversamenti rappresentati tra l’area del borgo-castello e la zona del mulino. A differenza di “Ponte Alto/Pontalto”, il nome “Finotto/Finotto” è oggi più difficile da rintracciare in denominazioni correnti o in schede pubbliche facilmente accessibili; in una scheda divulgativa è quindi opportuno trattarlo come micro-toponimo storico, legato a un attraversamento locale la cui intitolazione potrebbe essere cambiata o essersi persa nel tempo.\n\nIl fatto che la carta distingua due ponti ravvicinati è comunque coerente con un assetto fluviale in cui gli attraversamenti potevano moltiplicarsi (ponti principali e ponti di servizio) in relazione a strade, mulini, prese d’acqua e opere di bonifica: la rete idraulica e viaria del fondovalle, documentata anche da fonti moderne su Rio d’Orzo/Canale Torbido e sulle opere consortili, aiuta a leggere i “ponti” non come elementi isolati ma come nodi funzionali di un corridoio di mobilità e gestione delle acque (ARPAE Emilia-Romagna, “Domanda di concessione… attraversamento e parallelismo con condotta idrica del Canal Torbido e del Rio d’Orzo in comune di Savignano sul Panaro (MO)”, documento in PDF, consultato il 28/12/2025; Consorzio della Bonifica Burana, “Secondo weekend alla scoperta della bonifica…”, notizia web, consultato il 28/12/2025)."",
    ""x"": 0.523794,
    ""y"": 0.40086
  },
  {
    ""id"": ""4"",
    ""nome"": ""Rio dell'Orzo - Rio di Orgolo"",
    ""valore"": ""1602"",
    ""note"": ""Il “Rio de Orgolo” della mappa sembra rimandare a un idronimo reale del territorio savignanese: il Rio d’Orzo, attestato oggi in documentazione tecnico-territoriale e in iniziative pubbliche legate alle opere di bonifica e alla fruizione del paesaggio fluviale. In particolare, materiali regionali di carattere geo-ambientale citano la “valle del Rio d’Orzo” come elemento significativo del sistema calanchivo locale e della rete idrografica minore, mentre documenti amministrativi e tecnici menzionano Rio d’Orzo e Canale Torbido come corsi d’acqua oggetto di attraversamenti/parallelismi infrastrutturali nel comune di Savignano sul Panaro (Regione Emilia-Romagna, Geoportale, “Scheda Geosito 34 – Bacini calanchivi di rio Vulpazza e rio Merdone”, scheda web, consultato il 28/12/2025; ARPAE Emilia-Romagna, “Domanda di concessione… attraversamento e parallelismo con condotta idrica del Canal Torbido e del Rio d’Orzo in comune di Savignano sul Panaro (MO)”, documento in PDF, consultato il 28/12/2025).\n\nLa forma “Orgolo” può essere letta come variante grafica/di copiatura di un nome già in uso (Orzo/Orgolo), o come adattamento locale di pronuncia in un contesto dove la cartografia antica registra spesso idronimi “per orecchio” e con oscillazioni ortografiche. In chiave divulgativa, è corretto presentare l’identificazione con il Rio d’Orzo come altamente probabile, perché sostenuta dalla persistenza del nome e dall’inquadramento idrografico moderno, pur riconoscendo l’incertezza della forma esatta riportata nella carta (Consorzio della Bonifica Burana, “Secondo weekend alla scoperta della bonifica… dalla Presa di Via Ponte Muratori 1 a Vignola alla Valle del Rio d’Orzo di Savignano…”, notizia web, consultato il 28/12/2025)."",
    ""x"": 0.89291,
    ""y"": 0.395067
  },
  {
    ""id"": ""5"",
    ""nome"": ""Ponte Alto"",
    ""valore"": ""1604"",
    ""note"": ""“Ponte Alto” è il toponimo meglio ancorabile a riscontri moderni e a fonti storico-archeologiche. La bibliografia topografica e la catalogazione dei beni culturali regionali associano infatti “Ponte Alto/Pontalto” a una specifica località di Savignano sul Panaro (in alcune schede indicata come “Madonna Pontalto”) da cui provengono rinvenimenti e segnalazioni archeologiche, tra cui un’anfora attica a figure nere con ritrovamento documentato “al Ponte alto in Savignano… in destra della via principale Vignola-Bazzano”. Questo dato, oltre a confermare la realtà del toponimo, offre anche un indizio importante sulla collocazione storica dell’attraversamento: un punto di passaggio lungo l’asse viario verso Vignola e Bazzano (Marinella Pasquinucci; Daniela Locatelli, “Savignano sul Panaro”. In: “Bibliografia topografica della colonizzazione greca in Italia e nelle Isole Tirreniche”, n. 18, 2010, pp. 433–439, edizione online su Persée, consultato il 28/12/2025; Regione Emilia-Romagna, Patrimonio culturale dell’Emilia-Romagna (PATER) / SAMIRA, scheda “Anfora attica a figure nere… Savignano sul Panaro, Pontalto (id_card 255135)”, scheda web e stampa PDF, consultato il 28/12/2025; Museo Civico di Modena, sezione web “L’Etruria padana” (raccolte archeologiche), voce su “Anfora attica a figure nere… Savignano sul Panaro, Pontalto”, consultato il 28/12/2025).\nIn una narrazione divulgativa, “Ponte Alto” può essere presentato come luogo-soglia: un nome di passaggio (ponte) che diventa anche nome di località, con una memoria stratificata che va oltre l’infrastruttura stessa (strada, paesaggio fluviale, insediamenti e testimonianze archeologiche). In questo senso, nella mappa il ponte non segnala soltanto “dove si attraversa”, ma anche un punto riconoscibile del territorio, capace di dare nome a persone, campi e rinvenimenti documentati nelle fonti moderne."",
    ""x"": 0.254147,
    ""y"": 0.399903
  },
  {
    ""id"": ""6"",
    ""nome"": ""Mulino di Savignano - Molino"",
    ""valore"": ""1055"",
    ""note"": ""Il “Mollino/Molinno” disegnato lungo il Panaro rimanda a un elemento tipico della geografia storica della valle: un punto di macinazione azionato dall’acqua (mulino ad acqua) e, insieme, un micro-paesaggio fatto di derivazioni, chiuse e canali di servizio. La toponomastica attuale del comune conserva chiaramente questo nucleo: “Mulino” è una frazione riconosciuta e, non a caso, la linea ferroviaria locale ha una fermata denominata “Savignano Mulino”, esplicitamente riferita alla frazione (Assemblea Legislativa Regione Emilia-Romagna, Demetra, Atto ispettivo n. 7954, XI Legislatura, testo online, 2024, consultato il 28/12/2025).\n\nPer comprendere “cosa” rappresenti il mulino nella logica della carta, è utile ricordare che il funzionamento dei mulini in quest’area si lega a una rete di canalizzazioni storiche: in diversi materiali locali il Canale Torbido è descritto come derivazione connessa al sistema idraulico del Panaro e alle utilizzazioni energetiche/irrigue del fondovalle. In una scheda divulgativa, questa relazione può essere presentata come contesto tecnico: il mulino non è soltanto un edificio, ma il punto visibile di un’infrastruttura d’acqua che rendeva stabile (e controllabile) una risorsa altrimenti legata alle variabili del fiume (Associazione Borgo Castello ODV, “Contrada Mulino”, pagina web, consultato il 28/12/2025; Gianluigi Chierici, “Il Canale Torbido…”, relazione in PDF, consultato il 28/12/2025)."",
    ""x"": 0.067454,
    ""y"": 0.390397
  }
]
"
25,,CANC_57_11,ASMo (Archivio di Stato di Modena),,FALSE,,,"[
  {
    ""id"": ""1"",
    ""nome"": ""Trentino"",
    ""valore"": ""994"",
    ""note"": """",
    ""x"": 0.757135,
    ""y"": 0.40869
  },
  {
    ""id"": ""2"",
    ""nome"": ""Villa d'Aiano"",
    ""valore"": ""776"",
    ""note"": """",
    ""x"": 0.606123,
    ""y"": 0.351396
  },
  {
    ""id"": ""3"",
    ""nome"": ""Castel d'Aiano"",
    ""valore"": ""722"",
    ""note"": """",
    ""x"": 0.577848,
    ""y"": 0.279638
  },
  {
    ""id"": ""4"",
    ""nome"": ""Fanano"",
    ""valore"": ""730"",
    ""note"": """",
    ""x"": 0.933469,
    ""y"": 0.369028
  },
  {
    ""id"": ""6"",
    ""nome"": ""Trignano"",
    ""valore"": ""993"",
    ""note"": """",
    ""x"": 0.739841,
    ""y"": 0.302811
  },
  {
    ""id"": ""7"",
    ""nome"": ""Ciano"",
    ""valore"": ""1057"",
    ""note"": """",
    ""x"": 0.304924,
    ""y"": 0.558097
  },
  {
    ""id"": ""8"",
    ""nome"": ""Castello di Serravalle"",
    ""valore"": ""711"",
    ""note"": """",
    ""x"": 0.405946,
    ""y"": 0.703156
  },
  {
    ""id"": ""9"",
    ""nome"": ""Tolè"",
    ""valore"": ""1074"",
    ""note"": """",
    ""x"": 0.179359,
    ""y"": 0.301526
  },
  {
    ""id"": ""10"",
    ""nome"": ""Montetortore"",
    ""valore"": ""1060"",
    ""note"": """",
    ""x"": 0.222317,
    ""y"": 0.402501
  }
]"
26,,GM_71,ASMo (Archivio di Stato di Modena),,FALSE,"Mappa degli stabili costeggianti a destra e sinistra il torrente dell'Alto Panaro, nel comune di Vignola, dal confine fra Vignola con Savignano, in destra, ascendendo, fino al confine di Vignola con Marano; e in sinistra, dal confine tra Campiglio e Marano, riscendendo sino al castello di Vignola. Non aggiustare la grammatica o la sintassi, perché mi serve come in originale. Quindi, se trovi dei possibili refusi, lasciali.",,
27,,GM_21_A,ASMo (Archivio di Stato di Modena),,TRUE,,1740,
28,,GM_21_B,ASMo (Archivio di Stato di Modena),,TRUE,,1740,
29,,GM_35,ASMo (Archivio di Stato di Modena),,TRUE,,1826,
30,,GM_36,ASMo (Archivio di Stato di Modena),,TRUE,,1824,
31,,GM_10,ASMo (Archivio di Stato di Modena),,TRUE,,,
32,,GM_40,ASMo (Archivio di Stato di Modena),,TRUE,,,
33,,GM_7,ASMo (Archivio di Stato di Modena),,TRUE,,1817,
34,,GM_9,ASMo (Archivio di Stato di Modena),,TRUE,,1858,
35,,SP_MAPPA-1,SPILAMBERTO,,TRUE,,,
36,,SP_MAPPA-2,SPILAMBERTO,,TRUE,,,
37,,SP_MAPPA-3,SPILAMBERTO,,TRUE,,,
38,,2,ZOCCA,,TRUE,,1979,
39,,3,ZOCCA,,TRUE,,1979,
40,,4,ZOCCA,,TRUE,,1979,
41,,5,ZOCCA,,TRUE,,1979,
42,,6,ZOCCA,,TRUE,,1979,
43,,7,ZOCCA,,TRUE,,1979,
44,,8,ZOCCA,,TRUE,,1979,
45,,9,ZOCCA,,TRUE,,1979,
46,,10,ZOCCA,,TRUE,,1979,
47,,11,ZOCCA,,TRUE,,1979,
48,,TAVOLA_3.1,GUIGLIA,,TRUE,,1979,
49,,TAVOLA_3.2,GUIGLIA,,TRUE,,1979,
50,,TAVOLA_3.3,GUIGLIA,,TRUE,,1979,
51,,TAVOLA_3.4,GUIGLIA,,TRUE,,1979,
52,,TAVOLA_3.5,GUIGLIA,,TRUE,,1979,
53,,TAVOLA_3.6,GUIGLIA,,TRUE,,1979,
54,,TAVOLA_3.7,GUIGLIA,,TRUE,,1979,
55,,TAVOLA_3.8,GUIGLIA,,TRUE,,1979,
56,,TAVOLA_3.9,GUIGLIA,,TRUE,,1979,
57,,TAVOLA_3.10,GUIGLIA,,TRUE,,1979,
58,,TAVOLA_3.11,GUIGLIA,,TRUE,,1979,
59,,TAVOLA_3.12,GUIGLIA,,TRUE,,1979,
60,,TAVOLA_3.13,GUIGLIA,,TRUE,,1979,
61,,TAVOLA_3.14,GUIGLIA,,TRUE,,1979,
62,,TAVOLA_3.15,GUIGLIA,,TRUE,,1979,
63,,TAVOLA_3.16,GUIGLIA,,TRUE,,1979,
64,,TAVOLA_3.17,GUIGLIA,,TRUE,,1979,
