id_map,id_place
9,1
9,2
19,3
4,4
9,5
1,6
9,6
11,7
19,7
11,8
19,8
9,9
18,9
4,10
6,11
10,11
9,12
13,12
16,12
20,12
15,13
5,14
6,14
7,14
8,14
9,14
10,14
15,15
9,16
9,17
9,18
1,19
1,20
9,21
18,21
11,22
19,22
11,23
19,23
11,24
19,24
11,25
19,25
11,26
19,26
9,27
11,28
19,28
1,29
9,30
11,31
19,31
19,32
1,33
11,34
19,34
11,35
19,36
9,37
9,38
11,38
12,38
20,39
11,40
19,40
6,41
9,43
12,43
18,43
9,44
11,44
19,44
11,45
19,45
9,46
9,47
11,47
12,47
19,47
6,48
6,49
9,52
10,52
11,52
12,52
19,52
9,53
4,54
9,56
9,57
19,58
11,59
18,59
19,59
8,60
9,60
11,60
9,61
9,62
9,63
15,64
9,65
11,66
19,66
9,68
9,69
9,70
20,71
9,72
16,74
1,75
15,75
19,75
1,76
15,76
20,77
5,78
9,79
6,80
8,81
11,82
19,82
1,83
8,84
7,85
1,86
9,87
9,88
12,89
9,90
12,91
4,92
9,93
17,93
1,94
8,95
11,96
19,96
20,97
1,98
9,99
12,99
9,100
2,103
10,103
2,104
10,104
7,105
4,106
1,107
1,108
9,109
9,110
8,111
9,111
11,111
17,111
19,111
9,113
9,114
12,114
11,115
12,115
19,115
20,116
7,117
9,123
11,123
12,123
9,124
9,125
9,126
9,127
11,127
9,128
11,128
12,128
16,129
20,129
11,130
19,130
12,131
12,132
8,133
11,134
9,135
9,136
20,138
19,139
4,140
4,141
11,142
11,143
18,143
19,143
9,144
11,144
12,144
18,144
19,144
11,145
11,146
19,146
4,147
11,148
19,148
20,149
1,150
15,150
4,151
11,152
18,152
19,152
4,153
11,154
19,154
19,155
4,156
4,157
11,158
19,158
4,159
8,160
18,160
8,161
8,162
8,163
9,164
9,165
11,165
19,165
1,166
8,166
9,166
8,167
9,168
9,169
9,170
5,171
7,171
5,172
6,172
14,172
5,173
9,174
7,175
11,176
19,176
11,177
19,177
19,178
9,179
9,180
18,180
9,181
9,182
11,182
19,182
9,183
11,184
19,184
9,185
11,185
19,185
9,186
11,186
19,186
9,187
20,187
9,188
11,188
19,188
9,189
9,190
9,191
9,192
4,193
9,194
9,195
1,196
10,196
15,196
9,197
9,198
12,199
18,200
18,201
18,202
18,203
18,204
18,205
14,206
14,207
14,208
14,209
14,210
14,213
2,225
2,226
2,227
2,228
2,229
2,230
2,231
2,232
2,233
2,234
2,235
2,236
2,237
2,238
2,239
2,240
2,241
2,242
2,243
2,244
2,245
2,246
2,247
3,248
3,249
3,250
3,251
3,252
3,253
3,254
3,255
3,256
3,257
3,258
3,259
3,260
3,261
3,262
3,263
3,264
9,265
9,266
2,267
3,268
1,269
1,270
1,271
1,272
6,273
6,276
6,277
6,278
6,279
6,282
6,283
6,284
6,285
6,286
6,287
6,288
6,289
6,290
6,291
6,293
6,294
6,295
6,296
6,297
6,300
6,303
6,304
6,305
6,306
6,307
6,309
6,310
6,311
6,312
6,313
6,314
6,316
6,318
6,319
6,320
6,321
6,322
6,323
6,324
6,326
6,327
6,328
6,329
5,330
5,332
5,337
5,339
5,341
5,342
5,343
5,344
5,346
5,350
5,352
5,353
5,354
5,355
5,356
5,358
5,359
5,360
5,361
5,362
8,364
9,364
12,364
8,365
9,366
8,367
8,368
9,369
8,370
9,370
8,371
9,372
8,373
8,374
8,375
8,376
8,377
8,378
9,378
12,378
18,378
19,378
8,379
10,380
10,381
9,383
19,385
11,386
19,387
11,388
19,389
9,390
18,391
6,392
10,393
9,395
16,396
20,397
6,398
5,399
7,400
8,401
9,402
10,403
9,405
9,408
9,411
18,412
11,413
19,415
11,416
19,417
11,418
19,419
11,420
19,421
11,422
19,423
11,424
19,425
11,426
19,427
19,429
11,430
19,431
11,432
19,435
9,436
11,437
12,438
11,440
19,441
9,442
18,443
9,444
11,445
19,446
11,447
19,448
9,449
11,450
12,451
19,452
9,453
11,454
19,455
19,457
11,458
18,459
19,460
11,461
11,462
19,463
1,464
15,467
19,468
1,469
15,470
11,471
19,472
12,474
11,475
19,476
9,477
12,478
2,479
10,480
2,481
10,482
9,483
11,484
19,485
9,486
12,487
11,488
12,489
19,490
9,491
11,492
9,494
11,495
9,496
11,497
12,498
16,499
20,500
11,501
19,502
19,504
11,505
11,507
18,508
19,509
11,510
18,511
19,512
11,513
11,515
19,516
11,517
19,518
1,519
15,520
11,521
18,522
19,523
11,524
19,526
19,528
11,529
19,530
18,531
9,532
11,533
19,534
5,537
7,538
6,539
5,540
14,541
11,542
19,543
11,544
19,545
19,547
9,548
18,549
9,550
11,551
19,552
11,553
19,554
9,555
11,556
19,557
9,558
11,559
19,560
9,561
20,562
9,563
11,564
19,565
15,568
18,571
19,572
11,573
17,574
15,575
15,576
7,577
19,578
11,579
11,580
11,581
11,582
12,583
12,584
12,587
11,588
11,589
12,590
9,591
12,592
9,593
12,594
12,595
12,596
9,597
13,598
13,599
13,600
14,601
14,602
14,603
14,604
15,605
17,606
17,607
17,608
17,609
17,610
18,611
18,612
18,613
19,614
19,615
19,616
19,617
19,618
19,619
19,620
19,621
19,622
19,623
11,624
20,625
20,626
20,627
20,628
20,629
20,630
5,631
5,632
5,633
5,634
5,635
5,636
7,637
7,638
7,639
7,640
7,641
7,642
7,643
7,644
7,645
7,646
7,647
7,648
7,649
7,650
11,651
19,651
9,653
12,653
19,653
11,654
19,654
11,655
19,655
11,656
19,656
5,657
6,657
5,658
7,658
11,659
19,659
11,660
19,660
11,661
5,662
9,663
9,665
9,666
13,734
15,739
5,1187
6,1187
7,1187
8,1187
9,1187
10,1187
14,1187
1,1188
2,1188
3,1188
4,1188
8,1188
9,1188
10,1188
11,1188
12,1188
13,1188
15,1188
16,1188
17,1188
18,1188
19,1188
20,1188
5,1211
7,1211
14,1606
