id_place,id_people
3,14
7,31
8,174
16,13
17,16
18,35
21,213
22,52
23,61
24,33
24,62
25,67
26,69
27,81
28,94
29,102
30,116
31,119
32,124
33,130
34,151
35,141
36,14
38,215
39,110
40,37
44,221
45,221
46,130
52,217
58,38
60,61
61,215
62,102
66,63
67,195
69,218
71,127
80,219
81,23
82,62
83,120
84,128
85,220
87,23
95,61
96,97
114,128
116,122
136,215
138,12
139,10
140,18
141,23
142,33
143,40
144,42
145,159
146,153
147,221
148,159
149,173
151,55
152,61
153,62
154,74
155,100
156,103
157,99
158,120
159,123
160,5
161,112
162,61
163,135
168,51
169,55
170,79
176,132
177,155
178,155
180,16
197,29
198,61
199,175
201,81
203,41
205,14
210,197
215,19
216,17
217,34
218,139
219,139
220,105
221,47
222,21
223,130
224,130
227,148
228,178
229,12
230,179
231,24
232,209
233,198
234,48
235,170
236,149
237,168
238,43
238,62
239,109
240,162
241,169
242,172
243,120
244,152
245,140
246,215
247,216
252,46
253,14
254,83
255,26
256,1
257,9
258,4
259,74
260,45
261,61
262,215
263,6
264,81
266,214
282,187
283,191
284,185
285,164
286,183
287,192
288,49
289,129
290,89
291,55
293,190
294,157
295,184
296,143
297,161
300,145
303,189
304,171
305,167
306,107
307,165
309,207
310,180
311,200
312,144
313,193
314,57
316,147
316,205
318,102
319,206
320,95
321,44
323,78
324,64
326,203
327,199
328,98
329,86
330,221
337,194
339,166
339,186
341,104
342,39
343,210
344,156
346,163
350,87
352,111
353,72
354,75
355,201
356,84
358,22
359,88
360,59
361,196
362,115
366,61
367,61
376,5
378,29
379,42
381,217
385,14
386,31
387,31
388,174
389,33
405,13
408,16
411,213
412,220
413,52
415,52
416,61
417,61
418,33
418,62
419,33
419,62
420,67
422,69
426,119
430,151
431,97
435,14
436,153
437,14
438,181
440,37
441,37
444,221
445,221
446,221
447,221
448,221
453,217
454,217
455,217
457,38
462,63
463,63
471,62
472,62
475,97
476,150
486,128
487,128
504,10
505,33
507,40
508,40
509,40
510,42
511,42
512,42
513,159
515,153
516,177
517,159
518,159
521,61
522,61
523,61
524,74
526,74
528,100
529,120
531,5
542,132
543,132
544,155
545,155
571,30
572,30
576,50
577,28
578,62
579,128
580,126
581,124
582,11
583,215
588,125
589,68
591,62
592,62
596,42
597,42
598,188
600,211
601,182
602,176
603,146
612,219
613,142
614,126
615,5
618,11
619,128
622,174
623,2
624,2
626,110
627,61
631,204
633,60
634,56
635,202
636,64
637,66
638,27
638,101
639,113
640,154
642,212
644,54
645,25
646,158
647,208
648,25
649,160
650,91
653,62
654,126
655,2
657,64
658,66
659,128
660,11
661,124
662,72
